term,estimate,std.error,statistic,p.value,significant
is_superhost_factor1:room_type_factorPrivate room,3.3557392543018416,36.29893538124993,0.0924473188829454,0.9263447509170105,FALSE
is_superhost_factor1:price_tier_factorMedium,-4.655105848698082,26.72264683552857,-0.17420077724145866,0.8617116841465698,FALSE
is_superhost_factor1:price_tier_factorExpensive,-75.97652512326812,26.22912332016391,-2.896647524046691,0.0037810332684356223,TRUE
room_type_factorPrivate room:price_tier_factorMedium,-26.59696027940149,29.390644544566687,-0.9049464784302713,0.36551853033887005,FALSE
room_type_factorPrivate room:price_tier_factorExpensive,-108.35923731254357,28.807008855367663,-3.761558093607931,1.6995434764022864e-4,TRUE
is_superhost_factor1:room_type_factorPrivate room:price_tier_factorMedium,-4.11066718484321,50.57761153908209,-0.0812744425795361,0.9352255479441473,FALSE
is_superhost_factor1:room_type_factorPrivate room:price_tier_factorExpensive,-19.101304731865238,52.918950639591124,-0.36095395885599185,0.7181425348405261,FALSE
