Test,t_statistic,p_value,df,conf_int_lower,conf_int_upper,effect_size,significant
Private Rooms t-test,-6.775691093072488,1.5990812487865433e-11,2118.3714506645583,-27.329213486302887,-15.060408878423079,-0.2362975252523706,TRUE
Entire Places t-test,8.365144484026677,8.327341021864689e-17,3802.4827785879315,18.517185583851123,29.854293234638195,0.22725694153849607,TRUE
Premium Difference t-test,-16.849930417709476,3.85895938481144e-60,2285.112509336027,-43.5223678151205,-34.44812583194996,-0.5590940932342915,TRUE
